姓名,地址,电话,邮箱
阿訇,上海,13000002222,456@126.com
囧囧,深圳,+8615000998888,789#!@126.com
李四,深圳,13000002222,alias@163.com
囧囧,广州,027-88889999,alias@163.com
囧囧,成都,131;8888;9999,456@126.com
,广州,13000002222,789#!@126.com
包建锋,成都,027-88889999,789#!@126.com
,深圳,027-88889999,456@126.com
李四,上海,131;8888;9999,789#!@126.com
阿訇,北京,+8615000998888,alias@163.com
李四,北京,+8615000998888,456@126.com
囧囧,上海,131;8888;9999,alias@163.com
,北京,131;8888;9999,789#!@126.com
包建锋,上海,+8615000998888,alias@163.com
,上海,+8615000998888,alias@163.com
,成都,13000002222,alias@163.com
阿訇,深圳,131;8888;9999,789#!@126.com
包建锋,深圳,131;8888;9999,456@126.com
阿訇,广州,131;8888;9999,456@126.com
包建锋,广州,13000002222,789#!@126.com
李四,北京,027-88889999,456@126.com
李四,成都,+8615000998888,alias@163.com
李四,广州,+8615000998888,789#!@126.com
包建锋,北京,13000002222,456@126.com
阿訇,成都,027-88889999,alias@163.com
囧囧,北京,13000002222,456@126.com
阿訇,上海,027-88889999,789#!@126.com
